<?xml version="1.0" encoding="UTF-8"?>
<project-private xmlns="http://www.netbeans.org/ns/project-private/1">
    <editor-bookmarks xmlns="http://www.netbeans.org/ns/editor-bookmarks/2" lastBookmarkId="0"/>
    <open-files xmlns="http://www.netbeans.org/ns/projectui-open-files/2">
        <group>
            <file>file:/C:/Users/admin/Documents/NetBeansProjects/Assignment1-CS3560-GregKalaydjian/src/assignment1/cs3560/gregkalaydjian/Question.java</file>
            <file>file:/C:/Users/admin/Documents/NetBeansProjects/Assignment1-CS3560-GregKalaydjian/src/assignment1/cs3560/gregkalaydjian/SimulationDriver.java</file>
            <file>file:/C:/Users/admin/Documents/NetBeansProjects/Assignment1-CS3560-GregKalaydjian/src/assignment1/cs3560/gregkalaydjian/Student.java</file>
            <file>file:/C:/Users/admin/Documents/NetBeansProjects/Assignment1-CS3560-GregKalaydjian/src/assignment1/cs3560/gregkalaydjian/VotingService.java</file>
        </group>
    </open-files>
</project-private>
